{
    "000000": [
        [0.15,100,1100],[0.25,0,1000],
        [0.4,0,0],[ 0.6, 200,800],
        [0.8, 0, 0],[1.1,300,400],
        [1.3,0,0],[1.6,-300,300],
        [1.7,0,0],[1.9,-550,250],
        [2.1,0,0],[2.4,-550,250],
        [2.6,0,0],[2.9,200,200]
    ],
    "000001": [
        [
           0.07547169923782349,
           333.0,
           1497.0
        ],
        [
           0.15094339847564698,
           -203.0,
           829.0
        ],
        [
           0.22641509771347047,
           297.0,
           1173.0
        ],
        [
           0.30188679695129397,
           -203.0,
           532.0
        ],
        [
           0.37735849618911745,
           798.0,
           688.0
        ],
        [
           0.4528301954269409,
           547.0,
           1142.0
        ],
        [
           0.5283018946647644,
           156.0,
           1189.0
        ],
        [
           0.6037735939025879,
           751.0,
           735.0
        ],
        [
           0.6792452931404114,
           -282.0,
           1173.0
        ],
        [
           0.7547169923782349,
           845.0,
           563.0
        ],
        [
           0.8301886916160584,
           16.0,
           297.0
        ],
        [
           0.9056603908538818,
           109.0,
           485.0
        ],
        [
           0.9811320900917053,
           -282.0,
           829.0
        ],
        [
           1.0566037893295289,
           -1001.0,
           -94.0
        ],
        [
           1.132075548171997,
           -1157.0,
           125.0
        ],
        [
           1.2075471878051758,
           -657.0,
           266.0
        ],
        [
           1.2830188274383546,
           -188.0,
           501.0
        ],
        [
           1.3584905862808228,
           31.0,
           1079.0
        ],
        [
           1.433962345123291,
           250.0,
           813.0
        ],
        [
           1.5094339847564698,
           -1095.0,
           579.0
        ],
        [
           1.5849056243896485,
           438.0,
           751.0
        ],
        [
           1.6603773832321168,
           141.0,
           563.0
        ],
        [
           1.735849142074585,
           579.0,
           579.0
        ],
        [
           1.8113207817077637,
           407.0,
           313.0
        ],
        [
           1.8867924213409424,
           626.0,
           188.0
        ],
        [
           1.9622641801834107,
           -501.0,
           469.0
        ],
        [
           2.037735939025879,
           -391.0,
           469.0
        ],
        [
           2.1132075786590578,
           -719.0,
           -282.0
        ],
        [
           2.1886792182922365,
           -782.0,
           438.0
        ],
        [
           2.264151096343994,
           -438.0,
           -47.0
        ],
        [
           2.339622735977173,
           -766.0,
           547.0
        ],
        [
           2.4150943756103517,
           -735.0,
           344.0
        ],
        [
           2.4905660152435304,
           -407.0,
           422.0
        ],
        [
           2.566037654876709,
           125.0,
           594.0
        ],
        [
           2.792452812194824,
           0.0,
           0.0
        ]
    ]
}
